region,gdp_growth,population_density,property_values,inflation_rate,unemployment_rate,construction_costs,building_codes,infrastructure_age,disaster_preparedness
northeast,2.4662664060680752,288.39667299776573,215469.15259559778,3.0323787382195095,8.544181588568089,168.58125240911664,0.6906454532071092,24.54090737276808,0.8426210258719312
southeast,3.6874168692614466,276.1569537324115,457286.5717276941,3.648618148596938,6.388800516514896,156.47022622517437,0.9602338665248984,27.111427915931028,0.6741569169619392
northwest,1.6563581892198256,261.0550670798351,510291.7726570928,2.5810283558900693,3.242303927442107,181.5229264664762,0.8973965686456001,19.1398443327329,0.8135294783333056
southwest,3.447916718411051,318.98885733921634,411004.6099495932,2.5479137055216357,4.404083590672086,147.7512789632297,0.6197307370746615,21.988895105279067,0.7986096622763338
south,2.484268251947747,300.3283710677549,128202.2017773889,3.073627262563876,4.563363960390339,153.98456377816052,0.7689104144366466,24.516480797473633,0.6190273466243589
