name,year,region,damage,location,structures_destroyed,evacuations
Camp Fire Aftermath,2018,southwest,0.5,California,140.12060145625634,420.361804368769
Paradise Fire,2018,southwest,0.3,California,98.91634121155063,296.7490236346519
Santa Rosa Fire,2017,southwest,0.2,California,126.14085197218084,378.42255591654254
Napa Fire,2017,southwest,0.1,California,79.1725078763129,237.5175236289387
Sonoma Fire,2017,southwest,0.1,California,57.01490616842595,171.04471850527784
